Datetime,Water Level (m)
2025-04-09 18:00:00,0.41443917
2025-04-09 19:00:00,0.48779806
2025-04-09 20:00:00,0.41110522
2025-04-09 21:00:00,0.1973986
2025-04-09 22:00:00,0.0043965196
2025-04-09 23:00:00,-0.14704946
2025-04-10 00:00:00,-0.28391087
2025-04-10 01:00:00,-0.4127398
2025-04-10 02:00:00,-0.51719666
2025-04-10 03:00:00,-0.4838955
2025-04-10 04:00:00,-0.1806437
2025-04-10 05:00:00,0.10820947
2025-04-10 06:00:00,0.3251442
2025-04-10 07:00:00,0.44776103
2025-04-10 08:00:00,0.44094753
2025-04-10 09:00:00,0.26564077
2025-04-10 10:00:00,0.05875086
2025-04-10 11:00:00,-0.09897053
2025-04-10 12:00:00,-0.22661416
2025-04-10 13:00:00,-0.3500732
2025-04-10 14:00:00,-0.4470139
2025-04-10 15:00:00,-0.39109656
2025-04-10 16:00:00,-0.090586126
2025-04-10 17:00:00,0.20253666
2025-04-10 18:00:00,0.42817432
2025-04-10 19:00:00,0.56401944
2025-04-10 20:00:00,0.5706641
2025-04-10 21:00:00,0.38271815
2025-04-10 22:00:00,0.1509652
2025-04-10 23:00:00,-0.025310816
2025-04-11 00:00:00,-0.16825771
2025-04-11 01:00:00,-0.30278552
2025-04-11 02:00:00,-0.42642146
2025-04-11 03:00:00,-0.48235694
2025-04-11 04:00:00,-0.22285673
2025-04-11 05:00:00,0.0956848
2025-04-11 06:00:00,0.3645843
2025-04-11 07:00:00,0.5441529
2025-04-11 08:00:00,0.6073586
2025-04-11 09:00:00,0.4885061
2025-04-11 10:00:00,0.25445336
2025-04-11 11:00:00,0.063263
2025-04-11 12:00:00,-0.08289227
2025-04-11 13:00:00,-0.21703972
2025-04-11 14:00:00,-0.34173226
2025-04-11 15:00:00,-0.41892713
2025-04-11 16:00:00,-0.20739134
2025-04-11 17:00:00,0.12261001
2025-04-11 18:00:00,0.4103741
2025-04-11 19:00:00,0.60065293
2025-04-11 20:00:00,0.6705729
2025-04-11 21:00:00,0.54579955
2025-04-11 22:00:00,0.2957722
2025-04-11 23:00:00,0.09215468
2025-04-12 00:00:00,-0.06471471
2025-04-12 01:00:00,-0.20451729
2025-04-12 02:00:00,-0.33789158
2025-04-12 03:00:00,-0.44691005
2025-04-12 04:00:00,-0.3686698
2025-04-12 05:00:00,-0.01960381
2025-04-12 06:00:00,0.30432892
2025-04-12 07:00:00,0.54651254
2025-04-12 08:00:00,0.6829371
2025-04-12 09:00:00,0.6583745
2025-04-12 10:00:00,0.43452865
2025-04-12 11:00:00,0.2045964
2025-04-12 12:00:00,0.025744122
2025-04-12 13:00:00,-0.11450159
2025-04-12 14:00:00,-0.24807788
2025-04-12 15:00:00,-0.36641693
2025-04-12 16:00:00,-0.3659604
2025-04-12 17:00:00,-0.037758853
2025-04-12 18:00:00,0.28858238
2025-04-12 19:00:00,0.53921974
2025-04-12 20:00:00,0.67369956
2025-04-12 21:00:00,0.6444661
2025-04-12 22:00:00,0.41968048
2025-04-12 23:00:00,0.18073039
2025-04-13 00:00:00,0.0030896156
2025-04-13 01:00:00,-0.14183477
2025-04-13 02:00:00,-0.28243965
2025-04-13 03:00:00,-0.4098639
2025-04-13 04:00:00,-0.46699747
2025-04-13 05:00:00,-0.16850543
2025-04-13 06:00:00,0.17669971
2025-04-13 07:00:00,0.46555087
2025-04-13 08:00:00,0.6579831
2025-04-13 09:00:00,0.7152349
2025-04-13 10:00:00,0.57115376
2025-04-13 11:00:00,0.3202814
2025-04-13 12:00:00,0.12388679
2025-04-13 13:00:00,-0.028320834
2025-04-13 14:00:00,-0.16676216
2025-04-13 15:00:00,-0.29912826
2025-04-13 16:00:00,-0.39053962
2025-04-13 17:00:00,-0.19452147
2025-04-13 18:00:00,0.14637041
2025-04-13 19:00:00,0.44121495
2025-04-13 20:00:00,0.62316215
2025-04-13 21:00:00,0.66703373
2025-04-13 22:00:00,0.50606215
2025-04-13 23:00:00,0.24987094
2025-04-14 00:00:00,0.053773995
2025-04-14 01:00:00,-0.10117927
2025-04-14 02:00:00,-0.24315569
2025-04-14 03:00:00,-0.38057142
2025-04-14 04:00:00,-0.4891705
2025-04-14 05:00:00,-0.3735248
2025-04-14 06:00:00,-0.011284389
2025-04-14 07:00:00,0.32797286
2025-04-14 08:00:00,0.57972586
2025-04-14 09:00:00,0.7154119
2025-04-14 10:00:00,0.67527795
2025-04-14 11:00:00,0.44280663
2025-04-14 12:00:00,0.21250518
2025-04-14 13:00:00,0.042630225
2025-04-14 14:00:00,-0.099949524
2025-04-14 15:00:00,-0.23381747
2025-04-14 16:00:00,-0.3485014
2025-04-14 17:00:00,-0.33426234
2025-04-14 18:00:00,-0.005210268
2025-04-14 19:00:00,0.3072483
2025-04-14 20:00:00,0.5345658
2025-04-14 21:00:00,0.6307503
2025-04-14 22:00:00,0.5572955
2025-04-14 23:00:00,0.31171083
2025-04-15 00:00:00,0.0937326
2025-04-15 01:00:00,-0.06858684
2025-04-15 02:00:00,-0.20834926
2025-04-15 03:00:00,-0.34421572
2025-04-15 04:00:00,-0.46325508
2025-04-15 05:00:00,-0.4792768
2025-04-15 06:00:00,-0.15784363
2025-04-15 07:00:00,0.18548006
2025-04-15 08:00:00,0.47664922
2025-04-15 09:00:00,0.675018
2025-04-15 10:00:00,0.7280504
2025-04-15 11:00:00,0.5751289
2025-04-15 12:00:00,0.32150638
2025-04-15 13:00:00,0.12421032
2025-04-15 14:00:00,-0.027924385
2025-04-15 15:00:00,-0.16285487
2025-04-15 16:00:00,-0.28949803
2025-04-15 17:00:00,-0.37511438
2025-04-15 18:00:00,-0.18237594
